<navigation section="Resin : JSP/Servlet Tutorial : "
	   threaded="true" comment=true>
  <item link="index.xtp" title="Tutorial">
    <item link="add_page.xtp" title="JSP page">
      <item link="servlets.xtp" title="Servlet"/>
      <item link="parse_error.xtp" title="Parse Errors"/>
      <item link="run_error.xtp" title="Runtime Errors"/>
      <item link="debug.xtp" title="Debugging"/>
    </item>

    <item link="conf-basic.xtp" title="Config">
      <item link="plugin-dispatch.xtp" title="Dispatch"/>
      <item link="isp.xtp" title="ISP"/>
      <item link="tcp-sessions.xtp" title="TCP Sessions"/>
      <item link="linux-boot.xtp" title="Linux Boot"/>
      <item link="tuning.xtp" title="Tuning"/>
    </item>

    <item link="req_url.xtp" title="URLs">
      <item link="form.xtp" title="Forms"/>
      <item link="multipart.xtp" title="File Upload"/>
      <item link="req_headers.xtp" title="Headers"/>
    </item>
    
    <item link="db_form.xtp" title="Database Forms">
      <item link="db-config.xtp" title="Database Config"/>
    </item>

    <item link="xtp-copy.xtp" title="XTP Copy">
      <item link="xtp-format.xtp" title="Formatting"/>
      <item link="xtp-page.xtp" title="XTP Page"/>
      <item link="xtp-jsp.xtp" title="JSP Tag Libraries with XTP"/>
      <item link="xtp-jsp-stylescript.xtp" title="JSP Tag Libraries with StyleScript"/>
    </item>

    <item link="tag-hello.xtp" title="Hello Tag">
      <item link="tag-attribute.xtp" title="Attr Tag"/>
      <item link="tag-mail.xtp" title="Mail Tag"/>
      <item link="tag-xsl.xtp" title="XSL Tag"/>
      <item link="tag-connection.xtp" title="Connection Tag"/>
    </item>

    <item link="filter-vary.xtp" title="Vary Filter"/>

    <item link="hardcore.xtp" title="HardCore"/>

    <item link="mail_form.xtp" title="Mailing Forms"/>
    <item link="bean.xtp" title="Beans"/>
    <item link="cache.xtp" title="Cache"/>
    <item link="xsl-filter.xtp" title="XSL Filter"/>
    <item link="run-at.xtp" title="run-at"/>
    <item link="jndi-appconfig.xtp" title="jndi app config"/>
  </item>
</navigation>
