<navigation threaded=true section='Resin : Reference : ' comment=true>

<item link=index.xtp title='Reference'>
  <item link=starting.xtp title='Getting Started'>
    <item link=httpd.xtp title='Resin Web Server'/>
    <item link=cse-apache-unix.xtp title='Unix Apache'/>
    <item link=cse-apache-win.xtp title='Windows Apache'/>
    <item link=cse-netscape.xtp title='Unix Netscape'/>
    <item link=cse-iis.xtp title='IIS'/>
    <item link=cse-oreilly-website.xtp title="WebSite"/>
  </item>
  <item link="config.xtp" title="Configuration">
    <item link="basic-config.xtp" title="Basic Config"/>
    <item link="file-config.xtp" title="Directory"/>
    <item link="servlet-config.xtp" title="Servlets"/>
    <item link="filter-config.xtp" title="Filters"/>
    <item link="jndi.xtp" title="Resources"/>
    <item link="db-config.xtp" title="Databases"/>
    <item link="jms.xtp" title="Messaging"/>
    <item link="security.xtp" title="Security Config">
      <item link="ssl-quick.xtp" title="JSSE"/>
    </item>
    <item link="log-config.xtp" title="Log Config"/>
    <item link="taglib.xtp" title="Taglib Config"/>
    <item link="resin-config.xtp" title="Misc resin.conf"/>
    <item link="http-config.xtp" title="Host resin.conf"/>
    <item link="port-config.xtp" title="Port resin.conf"/>
    <item link="app-config.xtp" title="App resin.conf"/>
    <item link="config-sum.xtp" title="Summary"/>
    <item link="glossary.xtp" title="Glossary"/>
    <item link="config-index.xtp" title="Index"/>
  </item>
  <item link=ide.xtp title="IDE"/>
  <item link='topics.xtp' title='Topics'>
    <item link="virtual-host.xtp" title="Virtual Hosts"/>
    <item link="balance.xtp" title="Balancing"/>
    <item link="sessions.xtp" title="Distributed Sessions"/>
    <item link="caching.xtp" title="Caching"/>
    <item link="javascript.xtp" title="JavaScript"/>
    <item link="filter-library.xtp" title="Filters"/>
    <item link="servlet-library.xtp" title="Servlets"/>
    <item link="admin.xtp" title="Admin"/>
    <item link="webdav.xtp" title="WebDAV"/>
    <item link="velocity.xtp" title="Velocity"/>
    <item link="ejb.xtp" title="EJB Clients"/>
    <item link="jmx.xtp" title="JMX"/>
    <item link="burlap.xtp" title="Burlap"/>
    <item link="hessian.xtp" title="Hessian"/>
  </item>
  <item link=jsp.xtp title='JSP'>
    <item link=jsp-directives.xtp title='Directives'/>
    <item link=jsp-actions.xtp title='Actions'/>
    <item link=jsp-variables.xtp title='Variables'/>
    <item link=jsp-applications.xtp title='Applications' description='JSP applications'/>
  </item>
  <item link=xml.xtp title="XML/XSLT">
    <item link="xml/index.xtp" title="XML"/>
    <item link='xpath.xtp' title='XPath' description='XPath'>
      <item link='xpath-fun.xtp' title='XPath Fun' description='XPath Functions'/>
    </item>
    <item link='xsl/index.xtp' title='XSL'/>
    <item link="stylescript.xtp" title="StyleScript"/>
    <item link=xtp.xtp title="XTP"/>
  </item>
</item>
</navigation>
